M_mean,M_variance,M_skewness,M_kurtosis,P_mean,P_variance,P_skewness,P_kurtosis,Class,MFCC_Mean,MFCC_Variance,Delta_Mean,Delta_Variance,DoubleDelta_Mean,DoubleDelta_Variance
0.0371697740264572,0.000736868735717417,3.49614875786633,34.2490533441448,0.523797049131139,0.0431410748941405,0.0420242018937471,2.15446134199506,Replica,-0.825547892794391,18.259699018376,0.00839597669535178,0.38055634987254,3.65207781072384e-05,0.355275910316036
0.0552019608372355,0.00231846854476587,3.72716822312647,28.4012470484473,0.520047208679967,0.0400174018651281,-0.0250938994973369,2.27178515604698,Replica,-0.828599189017619,19.9453196307525,0.00444958347640871,0.295336783515747,-5.89315968741096e-05,0.314422629654922
0.0182235509140599,0.000769275460497256,6.80104763940967,99.2064312900273,0.584291761754728,0.0419411040769176,-0.140708647329287,2.35207224242105,Replica,-0.782511203955226,19.6918022451066,0.00348222674006273,0.411303074783457,-8.47793697535987e-06,0.438746383359252
0.0391544821734943,0.00099946135933631,2.85400098864336,21.3280806793872,0.514781599577327,0.0431788022427789,0.0142531804738562,2.20559702880847,Replica,-0.713009287196001,20.1109818914441,0.00283794750376122,0.280034394162284,-1.03774772184388e-05,0.348127190967788
0.0206343357961102,0.00111053918412301,6.31374898596631,72.9341707273027,0.519312220921181,0.0418476903556386,-0.00749763471737604,2.27235071771325,Replica,-0.986544473377865,23.633617681556,0.000979385050856403,0.310514133600446,0.000715369814795262,0.383443383575604
0.0057181452995944,0.000275579363658518,12.2523677666175,267.710204227248,0.442233254077894,0.0199858879910604,0.346607057370214,2.73884407498585,Replica,-0.907839518346639,24.8630800225777,0.000113723864390319,0.374081792778806,-1.40483345392886e-05,0.47893269413836
0.0452878921343931,0.00180740534347959,3.57432956276106,26.9883606018362,0.529505166938054,0.0393306374942536,0.0683786202391924,2.21464649782,Replica,-0.996806321158898,23.0954018321442,0.00164143809194812,0.364113950195674,-7.86330163619864e-06,0.371588723755561
0.0541884149251731,0.0029592305120391,3.60000641264461,24.851057703511,0.512413994365535,0.04401759838022,0.00425850849310455,2.23453607305112,Replica,-0.834619016632839,23.124245690788,0.00528402171015852,0.396796580597678,3.79111600545728e-05,0.411830263844445
0.0192171643593659,0.00160948610063027,6.44189770432332,66.8886096858127,0.52387772583677,0.034959850189366,-0.0594117116111183,2.49124392476462,Replica,-0.74292264424415,26.6734811562484,0.00361010465629134,0.309708268375936,-0.000657020079523195,0.344686196743158
0.023759703048234,0.000808189345745655,7.21421040850893,113.736785587128,0.549103415297126,0.0387897759254565,-0.0344570805216935,2.31274084717182,Replica,-0.819755587229209,20.0874808288921,0.00271958181620008,0.434149378831653,0.000656794096918018,0.474029143008051
0.0957349687980612,0.00272445790126192,1.71613312794841,9.23094981408236,0.525048449799019,0.0356665631745895,-0.0200924746828267,2.2820986729823,Replica,-1.24926239621053,28.5340311722836,0.00229128080742276,0.175849612336251,-1.24655975913237e-05,0.219151515537935
0.0966055524002619,0.00422587751291306,2.07789109551677,10.5855681506584,0.378749864182761,0.0198199445244195,0.179850112657451,2.79901782900659,Replica,-1.01100447811801,24.1202990135022,-0.00179118768994106,0.191038850004928,0.000429888920376181,0.219513448740988
0.114607417948143,0.00491799798277345,2.22789595620644,11.801368893477,0.506187667770441,0.0434019026868812,0.0132988782546253,2.25409034110532,Replica,-1.36537879923798,32.4453233157711,-0.00385972469415359,0.17421111739561,-0.000133466122344239,0.190608997377771
0.111873662819224,0.00435896051422706,1.80054966658765,8.67537209642589,0.486135879673775,0.0421012314452237,-0.028038184824821,2.25384296795719,Replica,-1.32290793619603,28.407613562502,0.00434889917848302,0.192062727815702,-6.49838904294295e-06,0.200303749875046
0.055067945110417,0.00193054923791386,3.19198974214392,21.5769008398635,0.529760932856734,0.0423309126056829,0.0359647274836256,2.18737183174346,Replica,-1.509243730449,34.929503793797,-0.000268081954124821,0.221241269967539,4.11582037751033e-05,0.262788033502726
0.0559934554033203,0.00170830734629894,3.60043522304752,32.7500237805955,0.498837045161315,0.0429340003061112,-0.0323384207492418,2.28043561469774,Replica,-1.39416021850369,33.903412467075,5.09126294003189e-05,0.166339949603706,3.17618007305208e-05,0.197434091933341
0.0892883700686933,0.00353136716264953,2.3665184448566,13.4901581285461,0.498485328340238,0.0439355791281077,-0.0420471346174931,2.23702192782679,Replica,-1.41624414351106,33.6405913778421,0.000364217443150998,0.207333999566078,0.000245826500020412,0.237365694500383
0.076064714880563,0.00189102970168404,2.67001223612068,19.2586753187355,0.520640206135019,0.0394891118800062,0.016819771821247,2.26506662133955,Replica,-1.0506656572174,24.2535632718933,-0.000354501673565981,0.257867118210022,-0.000230139721880078,0.295063712288466
0.0677996815824201,0.0023315069014664,3.3365956850534,24.1616453078442,0.470855360993888,0.0396451138471749,0.0204049960690959,2.15472558001188,Replica,-1.29107977957027,28.4688018052505,-0.00257644537462506,0.159499554668496,-0.000247665073107079,0.186954602993462
0.0810105534729265,0.00292675405318205,2.31174811964342,13.0964346964147,0.524509517566902,0.0401701100320656,0.0216345399731962,2.22544797122862,Replica,-1.26797731895791,27.6486915232724,0.0012711361949013,0.217670941278207,-7.5678523960003e-05,0.229220891971533
0.030771028496384,0.000858839831323966,4.66777619085662,55.208560965921,0.533016794704791,0.0407150816860678,0.0395638342718413,2.2147075786011,Replica,-0.904618089883195,22.6603788742371,-0.00315223096195938,0.167823713305155,0.000244892648528148,0.187704152801174
0.0465025627236574,0.00217178675863157,3.62894772571157,26.0722751046025,0.465036373608685,0.0390815621116953,-0.00371724980816148,2.2574938659836,Replica,-1.28136041604833,31.5414898020266,0.000358666524771674,0.172530816522874,-6.18571719309725e-06,0.192361554514041
0.0654625811359255,0.00215884134511583,3.73255401320673,30.6909087632271,0.513494124254323,0.0414653029597718,0.00706009295416878,2.27483917395897,Replica,-1.46446429370279,34.5850467535792,0.00447959074717496,0.229289098763533,4.24880515230202e-06,0.247140114813393
0.0235392629500046,0.00112003118303342,5.36427772187179,48.5739098174149,0.439401741657693,0.0273444024014409,-0.0484059519129134,2.53482212103199,Replica,-1.3568632497947,39.0194207899214,-0.000712230858239369,0.255302823966211,-0.000216686928381948,0.291126123951782
0.0154846688058651,0.000680261806570878,5.87268816569126,64.294753594521,0.455928210594101,0.031007472787182,0.0501944727671293,2.5505481189935,Replica,-1.1722791789292,32.7194960919801,-6.66455095175135e-05,0.235064631391482,-0.000220498823593295,0.233532791870765
0.0242353034199107,0.000652446962557372,5.17900956312286,58.1367909753595,0.492078196660396,0.0439151685716879,-0.00536817909111499,2.22253587952359,Replica,-1.26100723680881,29.2354107779526,-0.00531493483653498,0.267871649131611,4.4339692345825e-06,0.298632604897821
0.0355902907301187,0.00247422037723323,4.00577742041421,28.3522861646014,0.344484090077347,0.0213997493959149,0.496570616874596,3.19668880070262,Replica,-1.65876205408602,53.6944371265483,0.00579602157139435,0.295301275951809,-0.00198779276960285,0.310691944923818
0.00822501612382029,0.000228326161910824,11.5006175803403,298.112998474082,0.489269871036318,0.04056566354883,0.00981212048161315,2.38217807631742,Replica,-1.43179057120895,45.2961481345665,0.000695539737067259,0.260747488494336,-0.000320108705329811,0.319257786165673
0.00726716241135864,0.000270544190832521,12.3305702097483,281.043139132102,0.521417858130145,0.0412470980865711,0.0540411798993063,2.12389789572106,Replica,-1.55998366044531,53.830658667701,-0.000192643261176706,0.26805343103562,-0.000799275498354115,0.268839725552587
0.0258872435041921,0.000944159113621235,6.00115570238879,69.0957369398232,0.472547706241338,0.0478329000964716,-0.0897574934040699,2.00433626675587,Replica,-1.28425151377413,36.5643650140679,0.000230436736941975,0.274463897132758,-0.000395176026508632,0.327712507723718
0.071562342277302,0.00562378635567969,2.65345504948443,13.5568414471346,0.54920325864393,0.0393218010230141,-0.0453922470348772,2.23243077156394,Replica,-1.55488025346052,46.8793267306612,0.00045633115098163,0.302998571267042,-0.00154938269707708,0.377082791585613
0.0222310793125704,0.00100593589757061,4.65329276830559,42.7346123942471,0.522435792328929,0.0404449283865167,0.000562330785861374,2.26684610486709,Replica,-0.822391078569359,18.7252547441384,-0.00170235023299396,0.188427147399182,-0.00048331225370337,0.211254747278105
0.0193195244790038,0.000971295230832546,6.57628322846499,76.9614453469623,0.45480958836292,0.0395153288370863,0.025109399668322,2.258275779678,Replica,-1.41283535290394,39.7879901250511,0.00134114426374616,0.271360637964076,-0.000843122111584471,0.319848584213117
0.03095008149921,0.000948681021768918,4.40985682637796,44.4365620178553,0.493020086462767,0.0431448938257177,0.02795503482059,2.28623187991592,Replica,-1.47535747851374,40.4744243935964,-0.00279050803170994,0.229187630109382,-0.000293846348707412,0.230999067901119
0.179995747718139,0.00550980930140293,1.04994918232636,5.09971743398303,0.506577012892683,0.0445352866323956,0.0317568689800207,2.19918424841209,Replica,-1.24643309859787,33.7233431010945,0.000751546762201374,0.32155555464219,-0.000311838691177556,0.415748492550992
0.127312148736374,0.00468991267129937,2.01595853912504,10.8908054133536,0.484849047152661,0.0440785597218626,-0.0814874939853792,2.0891159541557,Replica,-1.4151284149584,36.2252352935904,0.00125215100692015,0.435635266095022,-0.00076701838676213,0.575314015588495
0.104088739052216,0.00286147358215423,1.86079961998342,11.3690627376966,0.510977117445201,0.0427953718806598,-0.00199319617961415,2.25648272635453,Replica,-1.63561496380517,50.6142592678024,0.000237050578109714,0.355684412416773,-0.000939899137591858,0.394499960312173
0.169905322200882,0.00559011590744863,1.22823174251387,5.96364460965199,0.518284975744324,0.042040120777859,0.0146114741321649,2.23805306125467,Replica,-1.27382253151123,33.1912135542598,0.000165208527718376,0.378842273988928,-0.00116333737001196,0.499336941293973
0.0387661447316678,0.000676297677901448,5.45232425413163,82.2782144704596,0.477961198226111,0.0408358495697947,0.0099643941801689,2.28564203300784,Replica,-1.25420907558137,39.1241781175268,-0.000860879992789212,0.360207239240901,-0.00124608285459517,0.48234564820026
0.115697914678982,0.00299483527053447,1.43797840976118,7.34539653379333,0.494743572915948,0.0286126248780173,0.134604530493766,2.23582484469055,Replica,-1.39201209648751,37.8648645082406,0.00217406391030998,0.29038539265759,-0.000723455008294297,0.335011607652138
0.103103056205736,0.00359106901903945,2.18925300300366,12.7855855203557,0.485275085857626,0.0418429863495263,-0.0152643320382537,2.25886447518798,Replica,-1.32804989575359,38.5028913557815,-0.00117676644752944,0.289213694129217,-0.000803889509497675,0.334512734848643
0.0474795841153459,0.000805402710615433,3.50231504129634,37.5584954799601,0.540704677000981,0.0381388449021954,0.00798362956385127,2.28302748422759,Replica,-1.56222372936684,50.7997232674973,-0.000704273901753717,0.327408642087712,-0.001760051805598,0.350667672121067
0.0381533193096363,0.000577588228931039,4.8446889061529,74.0616639237652,0.487808697329732,0.0441046659243898,-0.0260783297004181,2.21747563345233,Replica,-1.38531260141938,42.0905359050447,0.00105978727600374,0.218905565488224,-0.000259479678739475,0.235146977518344
0.0468095555202799,0.00126286757076637,3.92267112975252,34.5669064577652,0.453413364267114,0.0111535805569759,-0.0708172382297117,3.94419546935163,Replica,-0.869763372196248,18.9995751840171,-0.000522318067618104,0.158203727563192,-1.33201732275141e-05,0.169702862794227
0.0949338792916006,0.00447129120324365,2.33481012317992,12.888301217942,0.480026048039841,0.0415825854770603,-0.0095678215524333,2.28430353333959,Replica,-1.24526278777577,30.0129771927954,0.00188284956705718,0.243741770672334,2.09407353473775e-05,0.263956175114056
0.0214510797859646,0.000720854868896172,5.39232656257095,67.5122405902461,0.489622911987875,0.0434314244020784,-0.0151588153201697,2.1970169919476,Replica,-0.948767565796038,24.6013044948691,-0.00215407391134905,0.268901616850649,-0.000462269185308643,0.28962736233453
0.0420689075413191,0.00164957210449995,3.60512802363709,25.6206567914425,0.507888539452551,0.042008549818611,0.00307372415179302,2.28944955691884,Replica,-1.31020176255931,32.5768759498364,-0.00357521703573663,0.211962423559689,-0.000369133544685418,0.214240191548601
0.058530930763996,0.00268016868602258,2.95895165709337,18.2892952827516,0.535078586978812,0.0430017848633645,0.0211398247746923,2.08989788915866,Replica,-1.16574469587261,27.1016762186129,0.0047819445808413,0.233510811831422,1.66838104612667e-06,0.242285823709878
0.00488595580651408,0.000154409506831873,16.1655265017023,532.75873476558,0.549952742384555,0.0335690902040652,-0.119155909739686,2.55626858638108,Replica,-1.29695693936277,33.2857288621476,-0.00314973781301137,0.245917046199996,-4.17287011102876e-05,0.253724533607582
0.0142651587588591,0.00049457173572329,7.71551139611829,137.746043981083,0.510813053783295,0.0418519904945038,-0.00868987671289142,2.28763316271702,Replica,-1.37419883947791,35.1132219486295,-0.000448484332470336,0.246724092035724,-3.50853561950606e-05,0.277804663785665
0.0348705934801606,0.00115722588902709,4.03968837530503,34.6276564819679,0.472408710308994,0.0435368354975769,-0.0784274291634057,2.22816420610777,Replica,-1.11511389570916,27.1649105110399,0.0044462533795045,0.308839735992612,-4.20817720520258e-05,0.305704946513233
0.0669060662149022,0.00270655382709444,2.66568526465183,15.9980781005427,0.602687852781192,0.0346098187797837,-0.154451375555951,2.39080838687819,Replica,-1.01368098523114,23.9847141686977,0.00028564723356475,0.340750471730491,-4.79492267408623e-05,0.349847403125832
0.0551201824214843,0.00198491204577355,3.105643880008,22.4219734497656,0.563118291958277,0.0499704558109738,-0.0737235802010516,2.1725211236429,Replica,-1.38426696191087,33.1838887195158,-0.000352283531186735,0.247731245555868,-7.66259696702773e-06,0.281176868357315
0.0250941972590944,0.00131860146586518,4.14779133011025,32.7004656695159,0.456968010401348,0.0363726403066665,0.0809411349737889,2.31024958606795,Replica,-0.781770853268428,19.2232166400477,0.000677248611273668,0.304706949322738,5.28662295776748e-05,0.300189056024777
0.0525731342897104,0.00256773711902239,3.31109506744181,22.9590083680782,0.531700064012218,0.0310183172365964,0.11106234602663,1.9245043512553,Replica,-1.07262026656796,28.1978901691209,-0.0057735106514904,0.267590274124353,-0.000155276084931007,0.279612629369008
0.031748191176802,0.00154624570511697,4.7006268675,41.5807097816508,0.426105377344415,0.0453490148587622,-0.000834567956091749,1.92879725109295,Replica,-1.49001380731614,37.7363919604154,0.0016450899481926,0.281093754634243,-0.000675343639434258,0.281361310840579
0.020408274875623,0.000978798508754843,6.50399765541539,77.9634638856828,0.514419565913398,0.0434217368227506,0.0207450083723104,2.23313347622231,Replica,-0.678621476031521,19.2260414289787,-0.000931734073890924,0.266385569710331,-9.03634496810478e-05,0.336287669645832
0.00770874346193802,0.000317346177479784,10.5593508060791,204.640931632849,0.514444741913132,0.0397560324083143,-0.0109780518964922,2.38373147880159,Replica,-1.62881619774003,47.7554169737999,-0.00763507793270039,0.342683491344209,5.19617631052961e-20,0.483779995448913
0.01240708223778,0.000939522085500593,7.95701374233299,101.56073347876,0.545077918128026,0.0371853587103341,0.0328197782344423,2.20590595434471,Replica,-0.94827894367409,27.8172406391298,0.00768745502234157,0.2889902675446,0.000268332076404472,0.341428226464789
0.043374676651829,0.00381122979713316,3.45556158726259,20.1485317377183,0.485484972528651,0.0418508477539242,-0.0230081069455504,2.23690598846066,Replica,-1.02886915144312,27.7641345423233,-0.000636046077676144,0.279174625603398,0.000114238726521831,0.374548468134216
0.0269859910370989,0.00227972600396814,4.79473005601807,39.1796388581686,0.539333741366147,0.0366486247058312,-0.0306302607259098,2.30268780868512,Replica,-1.23423453515566,31.139780560942,-0.00500038255285898,0.377202477923014,-0.000107672874899062,0.429032754578458
0.00820143255164069,0.00027105615406637,10.0400040210213,205.139129740891,0.471816850367404,0.040044713170345,0.0227421262012235,2.28874301770722,Replica,-1.08739368645312,30.5997413120842,0.00542885214209789,0.316228443695143,0.000110348088158671,0.324443182876788
0.0130748383170931,0.000866398198909451,8.59591050475864,126.675274702389,0.466752919524376,0.0397402398924007,0.0238049406674052,2.27502372684513,Replica,-1.51172011642346,40.3948211782638,-0.00539409415567095,0.420843110146413,0.000477424558047956,0.51475067162969
0.0178908840062904,0.000950322757492804,6.3779867675336,68.6988067134772,0.518696548492651,0.0421589850715726,-0.006805010368263,2.27652276866095,Replica,-0.700184018070939,16.3820226943914,0.00399656080490628,0.316159642818262,-8.52593009903005e-05,0.346803981816575
0.0135658400449837,0.000741151784929826,8.42553606522476,128.204717324834,0.552901500510957,0.0324462005999016,-0.101620473211567,2.5388661697806,Replica,-1.11589039920537,29.9364301662837,0.000363482213515947,0.266058170303143,-0.000534560920033637,0.296433777370254
0.0143380513386984,0.000714401806569269,8.68608604153439,136.587754473014,0.612910406785461,0.0292783495346985,-0.203310932326459,2.44221433616726,Replica,-0.872058839559689,25.5241922470874,0.00186414026303371,0.239016424983535,-9.88619589231037e-05,0.307987046142474
0.0137701884012367,0.000800124036830184,6.76627805180314,83.2259006841383,0.493718364502417,0.0431154722977925,-0.00773304914327469,2.30090179244721,Replica,-0.905905282388072,24.9205165472778,2.5819019814382e-05,0.23506456196042,3.27921592152204e-05,0.254768202463823
0.010403766700839,0.000560182420449872,8.2963358002846,124.747524207411,0.61232033119978,0.0242627920070221,-0.205497153735013,2.61057951837853,Replica,-0.759104706633125,16.8657478344497,0.000250474360866368,0.215781394962981,-3.95503345701492e-05,0.28468801458578
0.0150647093078388,0.000767935336491341,6.26224789269371,79.8458991894155,0.444302575879125,0.0360148931320487,-0.00386557358653756,2.2432258048251,Replica,-0.964449290748095,23.3497515261788,-0.0011019415112791,0.276916653992579,-5.58063886159937e-05,0.347593686428537
0.0128964268152525,0.000547786852225998,8.35986583529728,130.774157784117,0.528085956752015,0.0342256933495353,-0.0481384364825536,2.41418200783603,Replica,-0.789353087256428,24.1004283150193,0.000588051215276146,0.308821932327861,-0.000207369703987527,0.371779981875056
0.0100493659625436,0.000194637089541149,7.48032833018794,140.580364073902,0.483662408414493,0.0386006222390076,0.00248532355882536,2.36719323678544,Replica,-1.43768716017022,36.5292933953662,0.000984399978532246,0.449505415693828,-0.000113231763601113,0.588548399931497
0.0261099708684471,0.0011166262737709,4.30128338928912,36.5354829027083,0.437098812190894,0.029366349190271,0.0181803161968779,2.65294506077671,Replica,-1.33761331695231,34.6999090267355,2.95775334773921e-05,0.360656918338175,0.000131818791201908,0.413979824375865
0.0226315885481256,0.00108829090745582,4.87750271136157,48.3770151524521,0.607960695033368,0.0204178878371214,-0.325609132510312,2.93808082898317,Replica,-1.31868909620276,35.8219005217075,0.000185559909724881,0.353790872853271,0.000106378922581424,0.366587761971152
0.0488206359956714,0.00195273155757005,3.20288285841462,22.625343595194,0.426928084647585,0.0351342827549707,0.00935898679107606,2.2662191203521,Replica,-0.964604530338407,22.4693099472824,-0.00304319922406091,0.286909217050131,9.079707332778e-05,0.278678245345317
0.0333102292082602,0.00186863922099973,4.36665917896209,36.1911757655662,0.521264029752076,0.0180935198747174,-0.0196711687634037,2.65500229906224,Replica,-1.09549636558899,27.7651909791575,0.00165392386731554,0.367471459854841,-0.000168146055870135,0.345146488793059
0.0194206997134251,0.00112123952885672,5.6362439794794,56.0899867187519,0.516966721535742,0.0431838603925036,0.010794894718077,2.18133815893672,Replica,-1.12747689659033,31.6132607917964,-0.00324423045043877,0.299874527224277,-0.000484006698907412,0.317653924849297
0.0269753641416708,0.00183793056809948,5.83245886407721,59.5849275360374,0.401158939760037,0.0308421174595896,0.114673142209405,2.48657719351986,Replica,-1.18824220399207,32.1130176430541,0.00385350054245835,0.463499504739635,-0.000885784336740903,0.549406147311539
0.0242856701773548,0.00124241165340982,5.28950814096202,54.728428756986,0.569250306609719,0.0269824217491424,-0.188394724399247,2.36888549081825,Replica,-0.79054535265609,21.5166685276677,0.000983376121491796,0.283341919258493,1.82749764537449e-05,0.303029725364375
0.0291547405712913,0.00170624709278752,4.84247246294527,45.1357701294936,0.5056887411946,0.0414764947477838,0.0203531335857164,2.27602452809574,Replica,-1.11023740689691,25.9706024122441,-0.000414349671746677,0.319141670038822,-0.000386346333777485,0.34867787920866
0.023319736172,0.00115774347331359,6.90198582748078,84.5782422716697,0.524633277520539,0.0535094079651611,-0.00178287072168026,2.16080812844806,Replica,-1.1401824155235,32.5217406998453,0.00114434397211642,0.326357765395592,-0.000361025951863014,0.337764319590671
0.0143518156380531,0.000486512014938613,5.70034081630542,68.7912422131529,0.493251057892559,0.0489921182868964,-0.0402820086079684,2.12767540715472,Replica,-0.969305079963802,21.4706722020637,-6.01999921857814e-05,0.316403502744004,0.000133527228451012,0.294797943547628
0.0562989096424658,0.00303150858998727,3.27747186564279,20.5741555188519,0.543302161943996,0.041518272154069,0.10947702257167,2.06537611452148,Replica,-0.921670646665163,21.8362287957882,-0.00108538438785938,0.263101120623787,-0.000136062372892497,0.237708514475637
0.036498826350375,0.00131966630067787,3.92074101043191,32.3989450933528,0.367903329720856,0.028260056739607,0.268497686107573,2.54372093068736,Replica,-1.04585988581208,25.786860381956,0.000317669348274606,0.293188885030409,0.000156839098832749,0.304603182996783
0.0405884291020783,0.00145734020661929,3.50885936255354,27.0849750832558,0.444245460011013,0.012627245926919,0.428961631581397,3.85476479707576,Replica,-0.916238705019867,23.5617443823406,0.00425166329564644,0.283006542167823,-8.12520459094704e-05,0.278640137289539
0.0211378809216115,0.000350389404681319,5.97547031539512,83.0636049492959,0.465905106345717,0.0303059234381549,-0.0439174994027686,2.49988422788103,Replica,-0.887281519049058,20.8863786204487,6.81317436155461e-05,0.345169821511372,-0.000490702313095285,0.333199973041117
0.0283011434685677,0.000730973090543524,4.20863428287564,38.0374510583397,0.473655545296215,0.0381494548697984,-0.00337139462787818,2.31190585317732,Replica,-1.0352883235927,24.6619214914627,-0.000214897226241703,0.328469436134832,-0.000624308829096883,0.323644069375796
0.0489463373522087,0.00143527816769138,3.41348927335161,26.1602018839015,0.481501875472227,0.0433346571672208,-0.01890927903191,2.19419549341166,Replica,-0.994572475500569,26.7710205439201,-0.000205763845070728,0.351344285282296,-0.000652001623670657,0.365977195523132
0.0455352647807995,0.00119287257967452,2.95015112239918,23.881427803809,0.484114463297885,0.0413976439162228,-0.0131929403684708,2.24396628245368,Replica,-0.732868808587244,19.2264437664251,-0.000522906080729309,0.296919044686982,0.000116383670551928,0.342355914317137
0.0606525281751707,0.00217646914724247,2.77572171781873,18.8216852246939,0.46691461813625,0.014874893678309,0.287256813345467,3.2174931255452,Replica,-1.08581090508402,29.9885341359353,-0.000333245420754267,0.356159161520252,-0.00108686060604008,0.378175051245473
0.0259720170615329,0.000950651197563776,5.67755749684937,66.2813883216344,0.466029213381596,0.0348084659036707,0.00725555526476551,2.38027648194368,Replica,-0.748221386078714,18.0284362940401,0.00358782230891336,0.27129997296763,4.19584822599477e-05,0.280332514743437
0.0599046495390945,0.00284856878666423,2.73575923747974,16.3550552844522,0.476007011236499,0.0429667602600392,-0.0794348782884967,2.11856964174188,Replica,-0.719453184077967,18.5240115389451,-0.000796085696614852,0.22246561710671,0.00025032989488996,0.21872619008177
0.0846285099456602,0.00431423235860206,2.09906965613073,10.235586618805,0.599403543777058,0.0305145810967113,-0.079562006133645,2.4535633290542,Replica,-0.803380783104626,21.825547157271,-0.000766213308222165,0.279241684433532,-0.000331563826236277,0.287400055055062
0.0372686599195861,0.0014682898850759,3.82989661577655,29.5885289054947,0.508216046078175,0.0433403940304082,0.0117177058530679,2.26215697924772,Replica,-1.02654069319731,25.173091309102,0.000583513489312707,0.323696434067723,-0.000435749011549757,0.41570075939816
0.0384299878985316,0.00245015517579415,4.63811926089426,40.6882929130763,0.537341496856556,0.0480008424572064,0.0341494995020299,2.13487365170266,Replica,-1.11760067582609,28.3735671330075,0.000353340248148716,0.308189208237842,-9.02497836924941e-05,0.280807309436978
0.0208411285523052,0.000659682148744239,4.7961500374141,56.4898434406018,0.614132027063669,0.0271397060747728,-0.123629236985735,2.51860375374564,Replica,-0.836034072455462,21.6187278206793,0.00268041890691964,0.345168506891075,-0.00036182350102709,0.362280432213686
0.0142223321451102,0.000471731355581622,11.0189633131311,207.668003365856,0.449388768765542,0.034943283052503,0.067333488508221,2.44780672204213,Replica,-0.929088954494914,23.3551675777791,0.0020719251010872,0.419064360433679,2.24430275244675e-05,0.437044894991226
0.0173258583798681,0.000714655385207191,7.74960651216023,106.959416614077,0.502561311345384,0.0482021701904031,-0.0737683013022416,2.08431990785319,Replica,-1.02410110481924,25.6630354971168,-0.00589861274271654,0.369081920722554,-4.99319204452969e-05,0.372641163701078
0.0264484348563949,0.00173797585669559,5.601546144712,50.2621530307344,0.507922045068395,0.0467272616593637,-0.00144802997194021,2.184543143478,Replica,-0.876216082988247,22.6668483430559,0.0048203521798718,0.355233454262752,-0.000112571019521395,0.386133880384085
0.0216578434132586,0.000677239014314182,5.12029282109883,54.8035434606706,0.426836910467399,0.0453514919490539,0.00520718525043567,1.99990152747132,Replica,-0.82442331483081,21.4997353821961,0.000293568029904096,0.303202823296366,-2.02638812490224e-05,0.350148289924396
0.0449609011161077,0.00225553296266975,3.68659121682696,26.0419895033139,0.516605001656576,0.0401433325163641,-0.00166390615049048,2.34510389530157,Replica,-0.944624969178415,24.0089825953445,-0.00281353059123983,0.405684746874751,0.000504120149091917,0.415947335601088
0.0296501032763833,0.00168418035623941,5.87646936978618,58.7304035834361,0.37855102511768,0.025495018729622,0.286454166736164,2.73932814906966,Replica,-0.977347561013188,25.099099541901,0.00114157640531346,0.449403016022477,1.14770821621944e-05,0.493144379494183
0.0404009795080659,0.00171543614895918,3.55196055403397,25.7227280929662,0.540423119860687,0.0397912288168735,-0.040496394180506,2.29331621147779,Replica,-0.904937495565686,23.2643744926422,0.000458712079674841,0.363237461464627,7.29117601474545e-05,0.376725397620907
0.0398574556745879,0.0014356612873531,4.02367347413593,34.2899591576599,0.483164279252756,0.0393819773511124,0.0156475231332115,2.29289690132911,Replica,-0.863461527662891,23.390243065419,-0.00148375338744143,0.361311377473424,-0.00128212083666357,0.406971172563425
0.0298282439303209,0.00114980163476764,4.38564442727017,41.0579773720062,0.516983398605454,0.0391982634681626,0.014703205986588,2.33413586344794,Replica,-0.840560762763338,23.1475041095748,-0.00018293631631344,0.368300258887534,-9.89680973724815e-05,0.394058203480572
0.0251788685340338,0.000876233369852056,5.66013954500471,65.9057334395828,0.516679500981124,0.0403489257394126,-0.0374232293322786,2.30219315049475,Replica,-0.961669153253379,24.4208289962133,0.00179206681697996,0.352651007187687,1.90265660678279e-05,0.350449258241077
0.0173967875596333,0.000787593441791281,6.44268637465696,81.5225044095241,0.518348159941879,0.0413515329987974,-0.0145939402885253,2.3225703540297,Replica,-1.0372656289063,27.8119462039788,-4.48292070067095e-05,0.369884955164194,0.000396404171237115,0.3503820371194
0.0692316730354245,0.00221747166014586,3.81612951330581,32.5191177507274,0.592688040466763,0.0255679592507977,-0.164126094158119,2.62165968620134,Replica,-1.26709115286756,28.6700428629797,0.00304622950003044,0.23038297632263,-0.000141099618295978,0.269632154794276
0.0836201902942942,0.00195564839206757,2.40409133913218,19.3091850020594,0.499168237207418,0.0443040340272029,-0.0254164818748542,2.23750776124286,Replica,-1.31717204679418,30.022614340373,0.00165960104406659,0.269467793534723,0.000194836341398483,0.32933486237336
0.121171023487861,0.00410173757501864,1.65477554912875,8.26258000102664,0.459903747741014,0.0405987204129405,0.0379550762184308,2.23182038354424,Replica,-1.21463456317469,25.9959638199126,-0.00110860664043308,0.210266168554574,-0.000365624021376029,0.216583268563702
0.0880319168773986,0.00329741656730552,2.26214051565904,12.9854577218341,0.634833816983305,0.0154469219922458,-0.485274716086884,3.2677579383182,Replica,-1.15673717489177,26.8258891335709,-0.00158359327529559,0.235484490525087,-0.000794450506048452,0.290590401155513
0.0270167601276072,0.00106101085002879,5.7034081159284,65.9878684635984,0.563868469901754,0.0337163713986866,-0.120630096386003,2.36473744356316,Replica,-1.21004806276349,28.1799623423335,0.00212266176942733,0.292389342442989,-0.00059071232724968,0.35030979938245
0.090450689942417,0.00256821612503085,1.88965548409378,10.0020722411217,0.513654709718168,0.0429830699912458,0.0195777242532625,2.26831537049252,Replica,-1.28830499610714,28.879341523419,-0.00415454673776994,0.165962279920552,-0.000133128350981838,0.186975238917833
0.0504667714049903,0.00110083544155334,2.53100469114883,17.3843236104312,0.484726297968312,0.0431562877234827,-0.0172735395560437,2.23830277499208,Replica,-1.20751725890396,27.0827662717731,-0.000914881680628034,0.187376401607002,-5.0254709536542e-05,0.223750456756985
0.0887313663602953,0.00256605340252541,2.26360710130587,14.6569093499407,0.509855293137928,0.0495557224221372,0.0424770886729796,2.08035129884869,Replica,-1.36679552902296,32.2082748583485,0.00389752723483225,0.233321357854553,6.69080816393172e-05,0.28696936200512
0.0840084160930416,0.00228677541639112,2.44886255568779,16.1749000012153,0.534498162219326,0.0416454195234064,0.000985130102045468,2.22321271698614,Replica,-1.18854762470966,26.4364940871321,0.000583630671261908,0.274001122310874,-1.53635288057342e-05,0.303421061227374
0.0627672829572825,0.00171616616750284,3.3911538255961,30.4424147037259,0.481789617451726,0.0398755051810529,-0.00715837577973466,2.26645204005108,Replica,-1.03153255755229,23.9717557626905,-0.00405312202360095,0.19147286346617,0.000187194711726039,0.211712574092772
0.0841884543530658,0.0040542962357547,2.13775838816987,9.9871450599718,0.485587335573389,0.0416899599028577,-0.0140079156391735,2.26481197614188,Replica,-1.17328123027434,28.5315488425812,0.00363712643195338,0.209137328064233,1.45384152350861e-05,0.260560687418801
0.0675886226597819,0.00276396762740958,3.02699253628219,19.5081833187953,0.521149342774935,0.0412909834002234,0.0336649974647699,2.19821877006767,Replica,-1.02680765951626,24.6579050137794,-0.000400996338819189,0.175251411957054,-0.000129180604145323,0.184917749876755
0.10782842794319,0.0043777515260614,2.08076053235522,11.2152835060129,0.509174360488639,0.0410841227824933,0.0254222466458738,2.247783397149,Replica,-1.27921109112904,29.4748054194914,-0.00344903244065254,0.212956488766993,3.09533768254575e-05,0.247460356530299
0.0366810762940721,0.00102268419073929,6.14785106002443,76.2226131423584,0.511182378508742,0.0419358585219026,0.0543377770993597,2.20407863167066,Replica,-1.58529370815133,38.2140807571912,0.00285889040755076,0.228569628514013,0.000366054909205165,0.274004348885702
0.0503610025925832,0.0018723198286026,5.0457192484205,50.0438591120644,0.506205943243748,0.0462701842886771,0.0159191206817569,2.15905454574179,Replica,-1.54254609031823,36.3087294359557,-0.00197669151535469,0.277280773628876,-0.000906010725082027,0.29952259670239
0.0283965578213586,0.001137276246831,6.95423116474401,90.7300775409051,0.490488454023212,0.0442864611487848,-0.0236194862871795,2.19960796363239,Replica,-1.1756065212374,28.8875484972714,0.00153129593609566,0.193032398436098,2.88690265575728e-05,0.218995079950394
0.0717787379446915,0.00282420288405549,2.35515333754137,13.4973312373412,0.440961133514061,0.0380226551530824,0.0795333993232358,2.29574735597599,Replica,-0.841211118263289,22.4894782802306,0.000371738156196139,0.243675541496731,0.000341334593790281,0.288881291229092
0.0759774606888904,0.00250434489372246,1.85657955151704,9.65103315652841,0.506662233108335,0.0434902504530635,0.0270089468513483,2.21322571124102,Replica,-1.10907471635578,27.3598482244279,0.00613536661731442,0.331915799284525,-2.50769795280362e-05,0.381655177500786
0.0620003341550985,0.00329074433441064,3.67747976100347,25.5404824748373,0.585092836049529,0.0364443549620795,-0.0492015645053346,2.22677650391836,Replica,-1.08112056194132,26.3149092693787,0.00280062455618194,0.34436158347972,-1.9003571376467e-05,0.364436468512666
0.038456190864188,0.0017327438915674,3.97996188057148,31.6194227937753,0.517036039510278,0.0441371753300693,0.0398920542085794,2.16521024167752,Replica,-0.922759853153488,23.3086045725429,0.00366662930157719,0.331416482823974,0.000234918163600047,0.35735721067055
